2,2.1,1.9,2.05,2.1,2,1.95,1.9,2.08,2.05
2,2.1,1.9,2.05,2.1,2,1.95,1.9,2.08,2.05
2,2.1,1.9,2.05,2.1,2,1.95,1.9,2.08,2.05
2,2.1,1.9,2.05,2.1,2,1.95,1.9,2.08,2.05
2,2.1,1.9,2.05,2.1,2,1.95,1.9,2.08,2.05
2,2.1,1.9,2.05,2.1,2,1.95,1.9,2.08,2.05
2,2.1,1.9,2.05,2.1,2,1.95,1.9,2.08,2.05
2,2.1,1.9,2.05,2.1,2,1.95,1.9,2.08,2.05
2,2.1,1.9,2.05,2.1,2,1.95,1.9,2.08,2.05
2,2.1,1.9,2.05,2.1,2,1.95,1.9,2.08,2.05
2,2.1,1.9,2.05,2.1,2,1.95,1.9,2.08,2.05
2,2.1,1.9,2.05,2.1,2,1.95,1.9,2.08,2.05
2,2.1,1.9,2.05,2.1,2,1.95,1.9,2.08,2.05
2,2.1,1.9,2.05,2.1,2,1.95,1.9,2.08,2.05
2,2.1,1.9,2.05,2.1,2,1.95,1.9,2.08,2.05
2,2.1,1.9,2.05,2.1,2,1.95,1.9,2.08,2.05
2,2.1,1.9,2.05,2.1,2,1.95,1.9,2.08,2.05
2,2.1,1.9,2.05,2.1,2,1.95,1.9,2.08,2.05
2,2.1,1.9,2.05,2.1,2,1.95,1.9,2.08,2.05
2,2.1,1.9,2.05,2.1,2,1.95,1.9,2.08,2.05
2,2.1,1.9,2.05,2.1,2,1.95,1.9,2.08,2.05
2,2.1,1.9,2.05,2.1,2,1.95,1.9,2.08,2.05
2,2.1,1.9,2.05,2.1,2,1.95,1.9,2.08,2.05
2,2.1,1.9,2.05,2.1,2,1.95,1.9,2.08,2.05
2,2.1,1.9,2.05,2.1,2,1.95,1.9,2.08,2.05
2,2.1,1.9,2.05,2.1,2,1.95,1.9,2.08,2.05
2,2.1,1.9,2.05,2.1,2,1.95,1.9,2.08,2.05
2,2.1,1.9,2.05,2.1,2,1.95,1.9,2.08,2.05
2,2.1,1.9,2.05,2.1,2,1.95,1.9,2.08,2.05
2,2.1,1.9,2.05,2.1,2,1.95,1.9,2.08,2.05
2,2.1,1.9,2.05,2.1,2,1.95,1.9,2.08,2.05
2,2.1,1.9,2.05,2.1,2,1.95,1.9,2.08,2.05
2,2.1,1.9,2.05,2.1,2,1.95,1.9,2.08,2.05
2,2.1,1.9,2.05,2.1,2,1.95,1.9,2.08,2.05
2,2.1,1.9,2.05,2.1,2,1.95,1.9,2.08,2.05
2,2.1,1.9,2.05,2.1,2,1.95,1.9,2.08,2.05
2,2.1,1.9,2.05,2.1,2,1.95,1.9,2.08,2.05
2,2.1,1.9,2.05,2.1,2,1.95,1.9,2.08,2.05
2,2.1,1.9,2.05,2.1,2,1.95,1.9,2.08,2.05
2,2.1,1.9,2.05,2.1,2,1.95,1.9,2.08,2.05
2,2.1,1.9,2.05,2.1,2,1.95,1.9,2.08,2.05
2,2.1,1.9,2.05,2.1,2,1.95,1.9,2.08,2.05
2,2.1,1.9,2.05,2.1,2,1.95,1.9,2.08,2.05
2,2.1,1.9,2.05,2.1,2,1.95,1.9,2.08,2.05
2,2.1,1.9,2.05,2.1,2,1.95,1.9,2.08,2.05
2,2.1,1.9,2.05,2.1,2,1.95,1.9,2.08,2.05
2,2.1,1.9,2.05,2.1,2,1.95,1.9,2.08,2.05
2,2.1,1.9,2.05,2.1,2,1.95,1.9,2.08,2.05
2,2.1,1.9,2.05,2.1,2,1.95,1.9,2.08,2.05
2,2.1,1.9,2.05,2.1,2,1.95,1.9,2.08,2.05
2,2.1,1.9,2.05,2.1,2,1.95,1.9,2.08,2.05
2,2.1,1.9,2.05,2.1,2,1.95,1.9,2.08,2.05
2,2.1,1.9,2.05,2.1,2,1.95,1.9,2.08,2.05
2,2.1,1.9,2.05,2.1,2,1.95,1.9,2.08,2.05
2,2.1,1.9,2.05,2.1,2,1.95,1.9,2.08,2.05
2,2.1,1.9,2.05,2.1,2,1.95,1.9,2.08,2.05
2,2.1,1.9,2.05,2.1,2,1.95,1.9,2.08,2.05
2,2.1,1.9,2.05,2.1,2,1.95,1.9,2.08,2.05
2,2.1,1.9,2.05,2.1,2,1.95,1.9,2.08,2.05
2,2.1,1.9,2.05,2.1,2,1.95,1.9,2.08,2.05
2,2.1,1.9,2.05,2.1,2,1.95,1.9,2.08,2.05
2,2.1,1.9,2.05,2.1,2,1.95,1.9,2.08,2.05
2,2.1,1.9,2.05,2.1,2,1.95,1.9,2.08,2.05
2,2.1,1.9,2.05,2.1,2,1.95,1.9,2.08,2.05
2,2.1,1.9,2.05,2.1,2,1.95,1.9,2.08,2.05
2,2.1,1.9,2.05,2.1,2,1.95,1.9,2.08,2.05
2,2.1,1.9,2.05,2.1,2,1.95,1.9,2.08,2.05
2,2.1,1.9,2.05,2.1,2,1.95,1.9,2.08,2.05
2,2.1,1.9,2.05,2.1,2,1.95,1.9,2.08,2.05
2,2.1,1.9,2.05,2.1,2,1.95,1.9,2.08,2.05
2,2.1,1.9,2.05,2.1,2,1.95,1.9,2.08,2.05
2,2.1,1.9,2.05,2.1,2,1.95,1.9,2.08,2.05
2,2.1,1.9,2.05,2.1,2,1.95,1.9,2.08,2.05
2,2.1,1.9,2.05,2.1,2,1.95,1.9,2.08,2.05
2,2.1,1.9,2.05,2.1,2,1.95,1.9,2.08,2.05
2,2.1,1.9,2.05,2.1,2,1.95,1.9,2.08,2.05
2,2.1,1.9,2.05,2.1,2,1.95,1.9,2.08,2.05
2,2.1,1.9,2.05,2.1,2,1.95,1.9,2.08,2.05
2,2.1,1.9,2.05,2.1,2,1.95,1.9,2.08,2.05
2,2.1,1.9,2.05,2.1,2,1.95,1.9,2.08,2.05
2,2.1,1.9,2.05,2.1,2,1.95,1.9,2.08,2.05
2,2.1,1.9,2.05,2.1,2,1.95,1.9,2.08,2.05
2,2.1,1.9,2.05,2.1,2,1.95,1.9,2.08,2.05
2,2.1,1.9,2.05,2.1,2,1.95,1.9,2.08,2.05
2,2.1,1.9,2.05,2.1,2,1.95,1.9,2.08,2.05
2,2.1,1.9,2.05,2.1,2,1.95,1.9,2.08,2.05
2,2.1,1.9,2.05,2.1,2,1.95,1.9,2.08,2.05
2,2.1,1.9,2.05,2.1,2,1.95,1.9,2.08,2.05
2,2.1,1.9,2.05,2.1,2,1.95,1.9,2.08,2.05
2,2.1,1.9,2.05,2.1,2,1.95,1.9,2.08,2.05
2,2.1,1.9,2.05,2.1,2,1.95,1.9,2.08,2.05
2,2.1,1.9,2.05,2.1,2,1.95,1.9,2.08,2.05
2,2.1,1.9,2.05,2.1,2,1.95,1.9,2.08,2.05
2,2.1,1.9,2.05,2.1,2,1.95,1.9,2.08,2.05
2,2.1,1.9,2.05,2.1,2,1.95,1.9,2.08,2.05
2,2.1,1.9,2.05,2.1,2,1.95,1.9,2.08,2.05
